"Id","SourceId","School","Mascot","Abbreviation","DisplayName","ShortDisplayName","PrimaryColor","SecondaryColor","CurrentVenueId","CurrentVenue","CurrentCity","CurrentState","Conference","NcaaSlug","Wins","Losses","ConfWins","ConfLosses","Record","ConfRecord"
"1","2000","Abilene Christian","Wildcats","ACU","Abilene Christian Wildcats","Abilene Chrstn","592d82","b1b3b3","159","Moody Coliseum (Abilene)","Abilene","TX","WAC","abilene-christian","10","9","2","4","10-9","2-4"
"5","2005","Air Force","Falcons","AFA","Air Force Falcons","Air Force","004a7b","ffffff","179","Clune Arena","Colorado Springs","CO","Mountain West","air-force","3","17","0","9","3-17","0-9"
"6","2006","Akron","Zips","AKR","Akron Zips","Akron","00285e","84754e","279","James A. Rhodes Arena","Akron","OH","MAC","akron","16","4","7","1","16-4","7-1"
"7","333","Alabama","Crimson Tide","ALA","Alabama Crimson Tide","Alabama","9e1632","ffffff","2","Coleman Coliseum","Tuscaloosa","AL","SEC","alabama","13","6","3","3","13-6","3-3"
"8","2010","Alabama A&M","Bulldogs","AAMU","Alabama A&M Bulldogs","Alabama A&M","790000","ffffff","245","Event Center","Huntsville","AL","SWAC","alabama-am","10","9","3","3","10-9","3-3"
"9","2011","Alabama State","Hornets","ALST","Alabama State Hornets","Alabama St","e9a900","0a0a0a","373","Dunn-Oliver Acadome","Montgomery","AL","SWAC","alabama-st","6","13","3","3","6-13","3-3"
"13","2013","Albany St (GA)","Golden Rams","ALBGA","Albany St (GA) Golden Rams","Albany St","000000","","","","","","","albany-st-ga","0","0","0","0","0-0","0-0"
"18","2016","Alcorn State","Braves","ALCN","Alcorn State Braves","Alcorn St","4b0058","46166a","9","Davey L. Whitney Complex","Lorman","MS","SWAC","alcorn","0","0","0","0","0-0","0-0"
"27","44","American University","Eagles","AMER","American University Eagles","American","c41130","c8102e","318","Bender Arena","Washington","DC","Patriot","american","13","8","6","2","13-8","6-2"
"33","2026","App State","Mountaineers","APP","App State Mountaineers","App State","000000","ffcd00","12","Holmes Convocation Center","Boone","NC","Sun Belt","","13","9","6","4","13-9","6-4"
"37","12","Arizona","Wildcats","ARIZ","Arizona Wildcats","Arizona","0c234b","ab0520","8","McKale Memorial Center","Tucson","AZ","Big 12","arizona","21","0","8","0","21-0","8-0"
"38","9","Arizona State","Sun Devils","ASU","Arizona State Sun Devils","Arizona St","8e0c3a","ffc72c","203","Desert Financial Arena","Tempe","AZ","Big 12","arizona-st","11","9","2","5","11-9","2-5"
"39","8","Arkansas","Razorbacks","ARK","Arkansas Razorbacks","Arkansas","a41f35","ffffff","211","Bud Walton Arena","Fayetteville","AR","SEC","arkansas","15","5","5","2","15-5","5-2"
"41","2032","Arkansas State","Red Wolves","ARST","Arkansas State Red Wolves","Arkansas St","e81018","000000","131","First National Bank Arena","Jonesboro","AR","Sun Belt","arkansas-st","13","8","5","4","13-8","5-4"
"45","2029","Arkansas-Pine Bluff","Golden Lions","UAPB","Arkansas-Pine Bluff Golden Lions","AR-Pine Bluff","e0aa0f","eaaa00","18","H.O. Clemmons Arena","Pine Bluff","AR","SWAC","","0","0","0","0","0-0","0-0"
"47","349","Army","Black Knights","ARMY","Army Black Knights","Army","ce9c00","231f20","19","Christl Arena","West Point","NY","Patriot","army","0","0","0","0","0-0","0-0"
"50","2","Auburn","Tigers","AUB","Auburn Tigers","Auburn","002b5c","f26522","209","Neville Arena","Auburn","AL","SEC","auburn","13","7","4","3","13-7","4-3"
"56","2046","Austin Peay","Governors","APSU","Austin Peay Governors","Austin Peay","8e0b0b","","124","F&M Bank Arena","Clarksville","TN","ASUN","austin-peay","13","6","7","1","13-6","7-1"
"136","252","BYU","Cougars","BYU","BYU Cougars","BYU","003da5","ffffff","204","Marriott Center","Provo","UT","Big 12","byu","17","3","5","2","17-3","5-2"
"65","2050","Ball State","Cardinals","BALL","Ball State Cardinals","Ball State","DA0000","ffffff","22","Worthen Arena","Muncie","IN","MAC","ball-st","0","0","0","0","0-0","0-0"
"75","239","Baylor","Bears","BAY","Baylor Bears","Baylor","154734","ffb81c","332","Foster Pavilion","Waco","TX","Big 12","baylor","11","8","1","6","11-8","1-6"
"77","91","Bellarmine","Knights","BELL","Bellarmine Knights","Bellarmine","000000","","299","Knights Hall","Louisville","KY","ASUN","bellarmine","7","13","2","6","7-13","2-6"
"79","2057","Belmont","Bruins","BEL","Belmont Bruins","Belmont","182142","c9262d","101","Curb Event Center Arena","Nashville","TN","MVC","belmont","18","3","8","2","18-3","8-2"
"95","2065","Bethune-Cookman","Wildcats","BCU","Bethune-Cookman Wildcats","Bethune","7b1831","e9aa12","368","Moore Gymnasium (FL)","Daytona Beach","FL","SWAC","bethune-cookman","9","11","6","1","9-11","6-1"
"96","2066","Binghamton","Bearcats","BING","Binghamton Bearcats","Binghamton","00614A","f0f0f0","244","Events Center (Binghamton)","Binghamton","NY","Am. East","binghamton","4","18","0","7","4-18","0-7"
"108","68","Boise State","Broncos","BOIS","Boise State Broncos","Boise St","0033a0","fa4616","234","ExtraMile Arena","Boise","ID","Mountain West","boise-st","12","8","4","5","12-8","4-5"
"109","103","Boston College","Eagles","BC","Boston College Eagles","Boston College","8c2232","dbcca6","152","Conte Forum","Chestnut Hill","MA","ACC","boston-college","9","11","2","5","9-11","2-5"
"110","104","Boston University","Terriers","BU","Boston University Terriers","Boston U","cc0000","ffffff","104","Case Gym","Boston","MA","Patriot","boston-u","8","13","3","5","8-13","3-5"
"113","189","Bowling Green","Falcons","BGSU","Bowling Green Falcons","Bowling Green","2b1000","492000","278","Stroh Center","Bowling Green","OH","MAC","bowling-green","13","7","4","4","13-7","4-4"
"115","71","Bradley","Braves","BRAD","Bradley Braves","Bradley","b70002","c0c0c0","121","Carver Arena","Peoria","IL","MVC","bradley","14","8","7","4","14-8","7-4"
"124","225","Brown","Bears","BRWN","Brown Bears","Brown","411e09","949300","319","Pizzitola Sports Center","Providence","RI","Ivy","brown","7","11","1","4","7-11","1-4"
"126","2803","Bryant","Bulldogs","BRY","Bryant Bulldogs","Bryant","000000","9f8343","123","Chace Athletic Center","Smithfield","RI","Am. East","bryant","6","14","2","4","6-14","2-4"
"130","2083","Bucknell","Bison","BUCK","Bucknell Bison","Bucknell","000060","00316e","344","Sojka Pavilion","Lewisburg","PA","Patriot","bucknell","6","15","3","5","6-15","3-5"
"132","2084","Buffalo","Bulls","BUF","Buffalo Bulls","Buffalo","041A9B","ebebeb","284","Alumni Arena","Buffalo","NY","MAC","buffalo","13","7","3","5","13-7","3-5"
"135","2086","Butler","Bulldogs","BUT","Butler Bulldogs","Butler","0d1361","00a3e0","40","Hinkle Fieldhouse","Indianapolis","IN","Big East","butler","13","7","4","5","13-7","4-5"
"142","13","Cal Poly","Mustangs","CP","Cal Poly Mustangs","Cal Poly","1E4D2B","eed897","323","Mott Athletics Center","San Luis Obispo","CA","Big West","cal-poly","7","14","3","6","7-14","3-6"
"144","2934","Cal State Bakersfield","Roadrunners","CSUB","Cal State Bakersfield Roadrunners","Bakersfield","003BAB","","42","Icardo Center","Bakersfield","CA","Big West","","0","0","0","0","0-0","0-0"
"146","2239","Cal State Fullerton","Titans","CSUF","Cal State Fullerton Titans","Fullerton","003767","ff8300","43","Titan Gym","Fullerton","CA","Big West","cal-st-fullerton","0","0","0","0","0-0","0-0"
"148","2463","Cal State Northridge","Matadors","CSUN","Cal State Northridge Matadors","CSU Northridge","b50000","","44","Premier America Credit Union Arena","Northridge","CA","Big West","cal-st-northridge","0","0","0","0","0-0","0-0"
"150","25","California","Golden Bears","CAL","California Golden Bears","California","031522","ffc423","195","Haas Pavilion","Berkeley","CA","ACC","california","15","5","3","4","15-5","3-4"
"151","2856","California Baptist","Lancers","CBU","California Baptist Lancers","CA Baptist","000080","","189","Dale E. and Sarah Ann Fowler Events Center","Riverside","CA","WAC","california-baptist","15","6","5","3","15-6","5-3"
"157","2097","Campbell","Fighting Camels","CAM","Campbell Fighting Camels","Campbell","000000","","100","John W. Pope Jr. Convocation Center","Buies Creek","NC","CAA","campbell","9","12","3","5","9-12","3-5"
"160","2099","Canisius","Golden Griffins","CAN","Canisius Golden Griffins","Canisius","004a81","dda50f","302","Koessler Athletic Center","Buffalo","NY","MAAC","canisius","8","13","3","7","8-13","3-7"
"179","2110","Central Arkansas","Bears","CARK","Central Arkansas Bears","C Arkansas","a7a9ac","8e959a","51","Farris Center","Conway","AR","ASUN","","0","0","0","0","0-0","0-0"
"182","2115","Central Connecticut","Blue Devils","CCSU","Central Connecticut Blue Devils","C Connecticut","1B49A2","d1d5d8","52","Detrick Gymnasium","New Britain","CT","NEC","","0","0","0","0","0-0","0-0"
"184","2117","Central Michigan","Chippewas","CMU","Central Michigan Chippewas","C Michigan","6a0032","ffc82e","53","McGuirk Arena","Mount Pleasant","MI","MAC","","0","0","0","0","0-0","0-0"
"195","232","Charleston","Cougars","COFC","Charleston Cougars","Charleston","7a2531","9e8959","55","TD Arena","Charleston","SC","CAA","","0","0","0","0","0-0","0-0"
"196","2127","Charleston Southern","Buccaneers","CHSO","Charleston Southern Buccaneers","Charleston So","2e3192","ded090","49","Buccaneer Fieldhouse","Charleston","SC","Big South","","11","11","2","5","11-11","2-5"
"197","2429","Charlotte","49ers","CLT","Charlotte 49ers","Charlotte","ffffff","cfab7a","134","Halton Arena","Charlotte","NC","American","charlotte","11","9","5","2","11-9","5-2"
"199","236","Chattanooga","Mocs","UTC","Chattanooga Mocs","Chattanooga","00386b","dca71d","355","McKenzie Arena","Chattanooga","TN","SoCon","chattanooga","9","12","3","5","9-12","3-5"
"203","2130","Chicago State","Cougars","CHST","Chicago State Cougars","Chicago St","006700","","312","Jones Convocation Center","Chicago","IL","NEC","chicago-st","2","19","0","8","2-19","0-8"
"208","2132","Cincinnati","Bearcats","CIN","Cincinnati Bearcats","Cincinnati","000000","717073","14","Fifth Third Arena","Cincinnati","OH","Big 12","cincinnati","10","10","2","5","10-10","2-5"
"222","228","Clemson","Tigers","CLEM","Clemson Tigers","Clemson","f56600","522d80","91","Littlejohn Coliseum","Clemson","SC","ACC","clemson","17","4","7","1","17-4","7-1"
"223","325","Cleveland State","Vikings","CLE","Cleveland State Vikings","Cleveland St","006633","231f20","217","Wolstein Center","Cleveland","OH","Horizon","cleveland-st","7","14","3","7","7-14","3-7"
"226","324","Coastal Carolina","Chanticleers","CCU","Coastal Carolina Chanticleers","Coastal Car","007073","876447","62","The HTC Center","Conway","SC","Sun Belt","","13","9","6","4","13-9","6-4"
"232","2142","Colgate","Raiders","COLG","Colgate Raiders","Colgate","821019","ffffff","198","Cotterell Court","Hamilton","NY","Patriot","colgate","12","9","6","2","12-9","6-2"
"238","38","Colorado","Buffaloes","COLO","Colorado Buffaloes","Colorado","000000","cfb87c","176","CU Events Center","Boulder","CO","Big 12","colorado","12","8","2","5","12-8","2-5"
"243","36","Colorado State","Rams","CSU","Colorado State Rams","Colorado St","1e4d2b","c8c372","178","Moby Arena","Fort Collins","CO","Mountain West","colorado-st","12","8","3","6","12-8","3-6"
"245","171","Columbia","Lions","COLU","Columbia Lions","Columbia","174785","004b85","297","Levien Gymnasium","New York","NY","Ivy","columbia","13","6","2","3","13-6","2-3"
"261","39","Connecticut College","Camels","CONNE","Connecticut College Camels","Conn Coll","","","","","","","","connecticut-col","0","0","0","0","0-0","0-0"
"263","2154","Coppin State","Eagles","COPP","Coppin State Eagles","Coppin St","2e3192","ffd204","298","Physical Education Complex","Baltimore","MD","MEAC","coppin-st","3","19","1","4","3-19","1-4"
"265","172","Cornell","Big Red","COR","Cornell Big Red","Cornell","d60027","101010","60","Newman Arena","Ithaca","NY","Ivy","cornell","9","9","2","3","9-9","2-3"
"270","156","Creighton","Bluejays","CREI","Creighton Bluejays","Creighton","005ca9","6cadde","210","CHI Health Center Omaha","Omaha","NE","Big East","creighton","12","8","6","3","12-8","6-3"
"292","159","Dartmouth","Big Green","DART","Dartmouth Big Green","Dartmouth","005730","000000","70","Leede Arena","Hanover","NH","Ivy","dartmouth","9","9","3","2","9-9","3-2"
"294","2166","Davidson","Wildcats","DAV","Davidson Wildcats","Davidson","000000","e51837","59","John M. Belk Arena","Davidson","NC","A-10","davidson","12","7","4","3","12-7","4-3"
"296","2168","Dayton","Flyers","DAY","Dayton Flyers","Dayton","004B8D","ffffff","76","UD Arena","Dayton","OH","A-10","dayton","14","6","5","2","14-6","5-2"
"305","305","DePaul","Blue Demons","DEP","DePaul Blue Demons","DePaul","2d649c","ce1125","141","Wintrust Arena","Chicago","IL","Big East","depaul","12","8","4","5","12-8","4-5"
"299","48","Delaware","Blue Hens","DEL","Delaware Blue Hens","Delaware","033594","e8ce31","35","Bob Carpenter Center","Newark","DE","CUSA","delaware","5","14","1","7","5-14","1-7"
"300","2169","Delaware State","Hornets","DSU","Delaware State Hornets","Delaware St","FF3630","009cdd","336","Memorial Hall (DE)","Dover","DE","MEAC","delaware-st","5","15","0","5","5-15","0-5"
"304","2172","Denver","Pioneers","DEN","Denver Pioneers","Denver","98002e","a8996e","268","Hamilton Gymnasium","Denver","CO","Summit","denver","9","13","2","5","9-13","2-5"
"308","2174","Detroit Mercy","Titans","DETM","Detroit Mercy Titans","Detroit Mercy","165b9e","d31733","77","Calihan Hall","Detroit","MI","Horizon","","8","12","5","6","8-12","5-6"
"318","2181","Drake","Bulldogs","DRKE","Drake Bulldogs","Drake","005596","bec0c2","95","Knapp Center","Des Moines","IA","MVC","drake","11","10","5","5","11-10","5-5"
"319","2182","Drexel","Dragons","DREX","Drexel Dragons","Drexel","020260","ffd65a","33","Daskalakis Athletic Center","Philadelphia","PA","CAA","drexel","10","11","4","4","10-11","4-4"
"321","150","Duke","Blue Devils","DUKE","Duke Blue Devils","Duke","013088","ffffff","6","Cameron Indoor Stadium","Durham","NC","ACC","duke","19","1","8","0","19-1","8-0"
"322","2184","Duquesne","Dukes","DUQ","Duquesne Dukes","Duquesne","002D62","b90b2e","146","UPMC Cooper Fieldhouse","Pittsburgh","PA","A-10","duquesne","11","9","3","4","11-9","3-4"
"325","151","East Carolina","Pirates","ECU","East Carolina Pirates","East Carolina","4b1869","f0907b","55","Minges Coliseum","Greenville","NC","American","east-carolina","6","14","1","6","6-14","1-6"
"327","2193","East Tennessee State","Buccaneers","ETSU","East Tennessee State Buccaneers","ETSU","002d61","ffc423","83","Freedom Hall (TN)","Johnson City","TN","SoCon","","15","6","7","1","15-6","7-1"
"328","2837","East Texas A&M","Lions","ETAM","East Texas A&M Lions","East Texas A&M","000000","","84","The Field House","Commerce","TX","Southland","","8","12","3","7","8-12","3-7"
"331","2197","Eastern Illinois","Panthers","EIU","Eastern Illinois Panthers","E Illinois","000000","bebab9","85","Groniger Arena","Charleston","IL","OVC","","0","0","0","0","0-0","0-0"
"332","2198","Eastern Kentucky","Colonels","EKU","Eastern Kentucky Colonels","E Kentucky","660819","f0f0f0","86","Baptist Health Arena","Richmond","KY","ASUN","","0","0","0","0","0-0","0-0"
"334","2199","Eastern Michigan","Eagles","EMU","Eastern Michigan Eagles","E Michigan","00331b","f0f0f0","87","Gervin GameAbove Center","Ypsilanti","MI","MAC","","0","0","0","0","0-0","0-0"
"338","331","Eastern Washington","Eagles","EWU","Eastern Washington Eagles","E Washington","a10022","abb4bc","88","Reese Court","Cheney","WA","Big Sky","","0","0","0","0","0-0","0-0"
"348","2210","Elon","Phoenix","ELON","Elon Phoenix","Elon","020303","b59a57","311","Schar Center","Elon","NC","CAA","elon","12","9","4","4","12-9","4-4"
"361","339","Evansville","Purple Aces","EVAN","Evansville Purple Aces","Evansville","663399","ef6f00","296","Ford Center","Evansville","IN","MVC","evansville","5","15","1","8","5-15","1-8"
"363","2217","Fairfield","Stags","FAIR","Fairfield Stags","Fairfield","000000","ebebeb","362","Leo D. Mahoney Arena","Fairfield","CT","MAAC","fairfield","13","9","5","6","13-9","5-6"
"364","161","Fairleigh Dickinson","Knights","FDU","Fairleigh Dickinson Knights","Fair Dickinson","72293c","28334a","92","Bogota Savings Bank Center","Hackensack","NJ","NEC","","0","0","0","0","0-0","0-0"
"377","57","Florida","Gators","FLA","Florida Gators","Florida","0021a5","fa4616","240","Stephen C. O'Connell Center","Gainesville","FL","SEC","florida","14","6","5","2","14-6","5-2"
"378","50","Florida A&M","Rattlers","FAMU","Florida A&M Rattlers","Florida A&M","F89728","00843d","392","Al Lawson Center","Tallahassee","FL","SWAC","florida-am","8","10","5","2","8-10","5-2"
"379","2226","Florida Atlantic","Owls","FAU","Florida Atlantic Owls","FAU","00447c","d31245","95","Eleanor R. Baldwin Arena","Boca Raton","FL","American","fla-atlantic","0","0","0","0","0-0","0-0"
"381","526","Florida Gulf Coast","Eagles","FGCU","Florida Gulf Coast Eagles","FGCU","00885a","076c3b","96","Alico Arena","Fort Myers","FL","ASUN","","8","13","2","6","8-13","2-6"
"382","2229","Florida International","Panthers","FIU","Florida International Panthers","FIU","091731","c5960c","97","Ocean Bank Convocation Center","Miami","FL","CUSA","","10","10","3","6","10-10","3-6"
"386","52","Florida State","Seminoles","FSU","Florida State Seminoles","Florida St","782f40","ceb888","81","Tucker Center","Tallahassee","FL","ACC","florida-st","8","12","1","6","8-12","1-6"
"389","2230","Fordham","Rams","FOR","Fordham Rams","Fordham","830032","909090","340","Rose Hill Gym","Bronx","NY","A-10","fordham","10","10","1","6","10-10","1-6"
"402","278","Fresno State","Bulldogs","FRES","Fresno State Bulldogs","Fresno St","c41230","13284c","289","Save Mart Center","Fresno","CA","Mountain West","fresno-st","9","11","3","6","9-11","3-6"
"405","231","Furman","Paladins","FUR","Furman Paladins","Furman","582c83","ffffff","379","Timmons Arena","Greenville","SC","SoCon","furman","14","7","5","3","14-7","5-3"
"408","2241","Gardner-Webb","Runnin' Bulldogs","GWEB","Gardner-Webb Runnin' Bulldogs","Gardner-Webb","c12535","909090","363","Paul Porter Arena","Boiling Springs","NC","Big South","gardner-webb","3","19","1","6","3-19","1-6"
"411","2244","George Mason","Patriots","GMU","George Mason Patriots","George Mason","016600","ecb010","77","EagleBank Arena","Fairfax","VA","A-10","george-mason","18","2","6","1","18-2","6-1"
"412","45","George Washington","Revolutionaries","GW","George Washington Revolutionaries","G Washington","002843","e8d2a1","136","Charles E. Smith Center","Washington","DC","A-10","george-washington","13","7","4","3","13-7","4-3"
"413","46","Georgetown","Hoyas","GTWN","Georgetown Hoyas","Georgetown","110E42","001c58","226","Capital One Arena","Washington","DC","Big East","georgetown","10","10","2","7","10-10","2-7"
"415","61","Georgia","Bulldogs","UGA","Georgia Bulldogs","Georgia","ba0c2f","ffffff","110","Stegeman Coliseum","Athens","GA","SEC","georgia","16","4","4","3","16-4","4-3"
"417","290","Georgia Southern","Eagles","GASO","Georgia Southern Eagles","GA Southern","003775","f0f0f0","67","Hanner Fieldhouse","Statesboro","GA","Sun Belt","ga-southern","13","9","5","4","13-9","5-4"
"420","2247","Georgia State","Panthers","GAST","Georgia State Panthers","Georgia St","1e539a","ebebeb","69","GSU Convocation Center","Atlanta","GA","Sun Belt","georgia-st","9","12","6","3","9-12","6-3"
"421","59","Georgia Tech","Yellow Jackets","GT","Georgia Tech Yellow Jackets","Georgia Tech","003057","b3a369","228","McCamish Pavilion","Atlanta","GA","ACC","georgia-tech","11","9","2","5","11-9","2-5"
"426","2250","Gonzaga","Bulldogs","GONZ","Gonzaga Bulldogs","Gonzaga","041e42","c8102e","316","McCarthey Athletic Center","Spokane","WA","WCC","gonzaga","21","1","9","0","21-1","9-0"
"434","2755","Grambling","Tigers","GRAM","Grambling Tigers","Grambling","ee8601","ffd10a","163","Fredrick C. Hobdy Assembly Center","Grambling","LA","SWAC","grambling","8","10","2","3","8-10","2-3"
"435","2253","Grand Canyon","Lopes","GCU","Grand Canyon Lopes","Grand Canyon","522398","ffffff","168","Global Credit Union Arena","Phoenix","AZ","Mountain West","grand-canyon","13","6","6","2","13-6","6-2"
"438","2739","Green Bay","Phoenix","GB","Green Bay Phoenix","Green Bay","006633","ffffff","273","Resch Center","Ashwaubenon","WI","Horizon","green-bay","12","10","7","4","12-10","7-4"
"446","2261","Hampton","Pirates","HAMP","Hampton Pirates","Hampton","0067AC","","52","Convocation Center (VA)","Hampton","VA","CAA","hampton","10","11","4","4","10-11","4-4"
"454","108","Harvard","Crimson","HARV","Harvard Crimson","Harvard","990000","dbdbdb","29","Lavietes Pavilion","Cambridge","MA","Ivy","harvard","10","9","3","2","10-9","3-2"
"458","62","Hawai'i","Rainbow Warriors","HAW","Hawai'i Rainbow Warriors","Hawai'i","003420","ffffff","288","Stan Sheriff Center","Honolulu","HI","Big West","hawaii","15","4","7","2","15-4","7-2"
"464","2272","High Point","Panthers","HPU","High Point Panthers","High Point","b0b7bc","ebebeb","222","Qubein Center","High Point","NC","Big South","high-point","18","4","6","1","18-4","6-1"
"469","2275","Hofstra","Pride","HOF","Hofstra Pride","Hofstra","00337c","f6c934","27","David S. Mack Sports and Exhibition Complex","Hempstead","NY","CAA","hofstra","13","8","4","4","13-8","4-4"
"470","107","Holy Cross","Crusaders","HC","Holy Cross Crusaders","Holy Cross","0a0a0a","080808","378","Hart Center","Worcester","MA","Patriot","holy-cross","8","13","3","5","8-13","3-5"
"471","3187","Holy Cross","Saints","HOL","Holy Cross Saints","Holy Cross IN","","","","","","","","holy-cross","8","13","3","5","8-13","3-5"
"479","248","Houston","Cougars","HOU","Houston Cougars","Houston","c92a39","ffffff","3","Fertitta Center","Houston","TX","Big 12","houston","17","2","5","1","17-2","5-1"
"480","2277","Houston Christian","Huskies","HCU","Houston Christian Huskies","Hou Christian","00539c","","138","Sharp Gymnasium","Houston","TX","Southland","houston-christian","7","13","3","8","7-13","3-8"
"481","47","Howard","Bison","HOW","Howard Bison","Howard","003a63","e51937","325","Burr Gymnasium","Washington","DC","MEAC","howard","12","9","2","3","12-9","2-3"
"515","85","IU Indianapolis","Jaguars","IUIN","IU Indianapolis Jaguars","IU Indy","A81F30","d59f0f","135","Corteva Coliseum","Indianapolis","IN","Horizon","","6","16","2","9","6-16","2-9"
"488","70","Idaho","Vandals","IDHO","Idaho Vandals","Idaho","000000","8c6e4a","172","ICCU Arena","Moscow","ID","Big Sky","idaho","12","8","4","3","12-8","4-3"
"489","304","Idaho State","Bengals","IDST","Idaho State Bengals","Idaho St","ef8c00","e9a126","329","ICCU Dome","Pocatello","ID","Big Sky","idaho-st","10","11","3","5","10-11","3-5"
"490","356","Illinois","Fighting Illini","ILL","Illinois Fighting Illini","Illinois","ff5f05","13294b","149","State Farm Center","Champaign","IL","Big Ten","illinois","17","3","8","1","17-3","8-1"
"492","2287","Illinois State","Redbirds","ILST","Illinois State Redbirds","Illinois St","CE1126","ffe716","120","CEFCU Arena","Normal","IL","MVC","illinois-st","14","7","6","4","14-7","6-4"
"497","2916","Incarnate Word","Cardinals","UIW","Incarnate Word Cardinals","Incarnate Word","000000","080808","129","McDermott Center","San Antonio","TX","Southland","incarnate-word","0","0","0","0","0-0","0-0"
"498","84","Indiana","Hoosiers","IU","Indiana Hoosiers","Indiana","990000","edebeb","212","Simon Skjodt Assembly Hall","Bloomington","IN","Big Ten","indiana","13","7","4","5","13-7","4-5"
"499","282","Indiana State","Sycamores","INST","Indiana State Sycamores","Indiana St","00669a","f0f0f0","250","Hulman Center","Terre Haute","IN","MVC","indiana-st","9","12","2","8","9-12","2-8"
"509","314","Iona","Gaels","IONA","Iona Gaels","Iona","6f2c3e","f0ab00","341","Hynes Athletics Center","New Rochelle","NY","MAAC","iona","14","8","6","5","14-8","6-5"
"510","2294","Iowa","Hawkeyes","IOWA","Iowa Hawkeyes","Iowa","000000","fcd116","144","Carver-Hawkeye Arena","Iowa City","IA","Big Ten","iowa","14","5","4","4","14-5","4-4"
"511","66","Iowa State","Cyclones","ISU","Iowa State Cyclones","Iowa State","822433","fdca2f","134","Hilton Coliseum","Ames","IA","Big 12","iowa-st","0","0","0","0","0-0","0-0"
"516","2296","Jackson State","Tigers","JKST","Jackson State Tigers","Jackson St","123297","b5b7ba","442","Lee E. Williams Athletics and Assembly Center","Jackson","MS","SWAC","jackson-st","6","14","5","2","6-14","5-2"
"517","294","Jacksonville","Dolphins","JAX","Jacksonville Dolphins","Jacksonville","00523e","","58","Swisher Gymnasium","Jacksonville","FL","ASUN","jacksonville","8","13","3","5","8-13","3-5"
"518","55","Jacksonville State","Gamecocks","JVST","Jacksonville State Gamecocks","Jax State","b50500","b5b7ba","138","Pete Mathews Coliseum","Jacksonville","AL","CUSA","jacksonville-st","0","0","0","0","0-0","0-0"
"519","256","James Madison","Dukes","JMU","James Madison Dukes","James Madison","450084","b5a068","66","Atlantic Union Bank Center","Harrisonburg","VA","Sun Belt","james-madison","10","11","3","6","10-11","3-6"
"539","2305","Kansas","Jayhawks","KU","Kansas Jayhawks","Kansas","0051ba","e8000d","1","Allen Fieldhouse","Lawrence","KS","Big 12","kansas","15","5","5","2","15-5","5-2"
"541","140","Kansas City","Roos","KC","Kansas City Roos","Kansas City","004b87","ffc72c","48","Swinney Center","Kansas City","MO","Summit","umkc","4","17","1","6","4-17","1-6"
"542","2306","Kansas State","Wildcats","KSU","Kansas State Wildcats","Kansas St","3c0969","e2e3e4","202","Bramlage Coliseum","Manhattan","KS","Big 12","kansas-st","10","10","1","6","10-10","1-6"
"547","338","Kennesaw State","Owls","KENN","Kennesaw State Owls","Kennesaw St","fdbb30","000000","199","KSU Convocation Center","Kennesaw","GA","CUSA","kennesaw-st","12","8","4","5","12-8","4-5"
"548","2309","Kent State","Golden Flashes","KENT","Kent State Golden Flashes","Kent State","003976","efab00","144","M.A.C. Center","Kent","OH","MAC","kent-st","0","0","0","0","0-0","0-0"
"549","96","Kentucky","Wildcats","UK","Kentucky Wildcats","Kentucky","0033a0","ffffff","17","Rupp Arena","Lexington","KY","SEC","kentucky","14","6","5","2","14-6","5-2"
"624","99","LSU","Tigers","LSU","LSU Tigers","LSU","461d7c","fdd023","232","Pete Maravich Assembly Center","Baton Rouge","LA","SEC","lsu","13","7","1","6","13-7","1-6"
"563","2325","La Salle","Explorers","LAS","La Salle Explorers","La Salle","003356","ffce00","94","John Glaser Arena","Philadelphia","PA","A-10","la-salle","7","13","3","4","7-13","3-4"
"566","322","Lafayette","Leopards","LAF","Lafayette Leopards","Lafayette","790000","a59474","338","Kirby Sports Center","Easton","PA","Patriot","lafayette","5","16","2","6","5-16","2-6"
"572","2320","Lamar","Cardinals","LAM","Lamar Cardinals","Lamar","000000","ebebeb","149","Montagne Center","Beaumont","TX","Southland","lamar","0","0","0","0","0-0","0-0"
"581","2330","Le Moyne","Dolphins","LEM","Le Moyne Dolphins","Le Moyne","","","220","Ted Grant Court","Syracuse","NY","NEC","le-moyne","11","10","6","2","11-10","6-2"
"585","2329","Lehigh","Mountain Hawks","LEH","Lehigh Mountain Hawks","Lehigh","6c2b2a","b69e70","382","Stabler Arena","Bethlehem","PA","Patriot","lehigh","9","12","5","3","9-12","5-3"
"594","2335","Liberty","Flames","LIB","Liberty Flames","Liberty","071740","a61f21","339","Liberty Arena","Lynchburg","VA","CUSA","liberty","17","3","9","0","17-3","9-0"
"603","2815","Lindenwood","Lions","LIN","Lindenwood Lions","Lindenwood","101820","B5A36A","248","Hyland Arena","Saint Charles","MO","OVC","lindenwood-mo","12","9","6","4","12-9","6-4"
"606","288","Lipscomb","Bisons","LIP","Lipscomb Bisons","Lipscomb","20366C","f6b734","305","Allen Arena","Nashville","TN","ASUN","lipscomb","14","7","7","1","14-7","7-1"
"607","2031","Little Rock","Trojans","LR","Little Rock Trojans","Little Rock","AD0000","898d8f","111","Jack Stephens Center","Little Rock","AR","OVC","ualr","9","11","6","3","9-11","6-3"
"611","299","Long Beach State","Beach","LBSU","Long Beach State Beach","Long Beach St","000000","f1f2f3","190","Walter Pyramid","Long Beach","CA","Big West","long-beach-st","8","13","4","5","8-13","4-5"
"612","112358","Long Island University","Sharks","LIU","Long Island University Sharks","Long Island","50c9f7","ffbf00","157","Steinberg Wellness Center","Brooklyn","NY","NEC","long-island","0","0","0","0","0-0","0-0"
"613","2344","Longwood","Lancers","LONG","Longwood Lancers","Longwood","003273","9ea2a3","105","Joan Perry Brock Center","Farmville","VA","Big South","longwood","12","10","4","3","12-10","4-3"
"615","309","Louisiana","Ragin' Cajuns","UL","Louisiana Ragin' Cajuns","Louisiana","ce181e","ffffff","159","Cajundome","Lafayette","LA","Sun Belt","","5","16","3","6","5-16","3-6"
"617","2348","Louisiana Tech","Bulldogs","LT","Louisiana Tech Bulldogs","Louisiana Tech","002d65","d3313a","96","Thomas Assembly Center","Ruston","LA","CUSA","louisiana-tech","11","8","4","4","11-8","4-4"
"618","97","Louisville","Cardinals","LOU","Louisville Cardinals","Louisville","c9001f","000000","90","KFC Yum! Center","Louisville","KY","ACC","louisville","14","6","4","4","14-6","4-4"
"620","2350","Loyola Chicago","Ramblers","LUC","Loyola Chicago Ramblers","Loyola Chicago","9d1244","","160","Gentile Arena","Chicago","IL","A-10","loyola-chicago","5","16","1","7","5-16","1-7"
"621","2352","Loyola Maryland","Greyhounds","L-MD","Loyola Maryland Greyhounds","Loyola MD","76a7a0","c9cbca","61","Reitz Arena","Baltimore","MD","Patriot","loyola-maryland","7","14","3","5","7-14","3-5"
"622","2351","Loyola Marymount","Lions","LMU","Loyola Marymount Lions","LMU","880029","00345b","164","Gersten Pavilion","Los Angeles","CA","WCC","loyola-marymount","0","0","0","0","0-0","0-0"
"636","311","Maine","Black Bears","ME","Maine Black Bears","Maine","127dbe","","214","The Pit in Memorial Gymnasium","Orono","ME","Am. East","maine","5","17","3","4","5-17","3-4"
"645","2363","Manhattan","Jaspers","MAN","Manhattan Jaspers","Manhattan","4f8537","b5b7ba","335","Draddy Gymnasium","Riverdale","NY","MAAC","manhattan","8","14","4","7","8-14","4-7"
"653","2368","Marist","Red Foxes","MRST","Marist Red Foxes","Marist","e53730","f0f0f0","364","McCann Arena","Poughkeepsie","NY","MAAC","marist","13","7","7","4","13-7","7-4"
"654","269","Marquette","Golden Eagles","MARQ","Marquette Golden Eagles","Marquette","003366","ffcc00","12","Fiserv Forum","Milwaukee","WI","Big East","marquette","7","14","2","8","7-14","2-8"
"656","276","Marshall","Thundering Herd","MRSH","Marshall Thundering Herd","Marshall","00ae42","be854c","49","Cam Henderson Center","Huntington","WV","Sun Belt","marshall","13","7","5","3","13-7","5-3"
"661","120","Maryland","Terrapins","MD","Maryland Terrapins","Maryland","D5002B","ffcd00","86","XFINITY Center","College Park","MD","Big Ten","maryland","8","12","1","8","8-12","1-8"
"663","2379","Maryland Eastern Shore","Hawks","UMES","Maryland Eastern Shore Hawks","MD Eastern","5c2301","b5b7ba","173","Hytche Center","Princess Anne","MD","MEAC","","0","0","0","0","0-0","0-0"
"668","113","Massachusetts","Minutemen","MASS","Massachusetts Minutemen","UMass","880007","","75","Mullins Center","Amherst","MA","MAC","massachusetts","13","8","4","5","13-8","4-5"
"677","2377","McNeese","Cowboys","MCN","McNeese Cowboys","McNeese","00529C","","175","Legacy Center","Lake Charles","LA","Southland","","16","4","9","2","16-4","9-2"
"681","235","Memphis","Tigers","MEM","Memphis Tigers","Memphis","004991","8e908f","145","FedExForum","Memphis","TN","American","memphis","9","10","4","3","9-10","4-3"
"683","2382","Mercer","Bears","MER","Mercer Bears","Mercer","ff7f29","080808","246","Hawkins Arena","Macon","GA","SoCon","mercer","13","8","5","3","13-8","5-3"
"686","2385","Mercyhurst","Lakers","MERC","Mercyhurst Lakers","Mercyhurst","000000","","300","Mercyhurst Athletic Center","Erie","PA","NEC","mercyhurst","10","11","5","3","10-11","5-3"
"687","2771","Merrimack","Warriors","MRMK","Merrimack Warriors","Merrimack","2f4f93","e8c535","306","Hammel Court","North Andover","MA","MAAC","merrimack","13","9","9","2","13-9","9-2"
"690","2390","Miami","Hurricanes","MIA","Miami Hurricanes","Miami","005030","f47321","180","Watsco Center","Coral Gables","FL","ACC","","0","0","0","0","0-0","0-0"
"691","193","Miami (OH)","RedHawks","M-OH","Miami (OH) RedHawks","Miami OH","a4000c","f0f0f0","295","Millett Hall","Oxford","OH","MAC","miami-oh","20","0","8","0","20-0","8-0"
"694","130","Michigan","Wolverines","MICH","Michigan Wolverines","Michigan","00274c","ffcb05","148","Crisler Center","Ann Arbor","MI","Big Ten","michigan","18","1","8","1","18-1","8-1"
"695","127","Michigan State","Spartans","MSU","Michigan State Spartans","Michigan St","18453b","ffffff","63","Breslin Center","East Lansing","MI","Big Ten","michigan-st","18","2","8","1","18-2","8-1"
"702","2393","Middle Tennessee","Blue Raiders","MTSU","Middle Tennessee Blue Raiders","MTSU","006db6","ffffff","185","Murphy Center","Murfreesboro","TN","CUSA","","0","0","0","0","0-0","0-0"
"712","270","Milwaukee","Panthers","MILW","Milwaukee Panthers","Milwaukee","000000","ffc20e","391","UW-Milwaukee Panther Arena","Milwaukee","WI","Horizon","milwaukee","9","13","5","6","9-13","5-6"
"714","135","Minnesota","Golden Gophers","MINN","Minnesota Golden Gophers","Minnesota","5e0a2f","fab41c","231","Williams Arena","Minneapolis","MN","Big Ten","minnesota","10","10","3","6","10-10","3-6"
"721","344","Mississippi State","Bulldogs","MSST","Mississippi State Bulldogs","Mississippi St","5d1725","c1c6c8","109","Humphrey Coliseum","Starkville","MS","SEC","mississippi-st","10","10","2","5","10-10","2-5"
"723","2400","Mississippi Valley State","Delta Devils","MVSU","Mississippi Valley State Delta Devils","Miss Valley St","005328","cf2d34","189","R.W. Harrison HPER Complex","Itta Bena","MS","SWAC","","0","0","0","0","0-0","0-0"
"724","142","Missouri","Tigers","MIZ","Missouri Tigers","Missouri","f1b82d","000000","286","Mizzou Arena","Columbia","MO","SEC","missouri","14","6","4","3","14-6","4-3"
"729","2623","Missouri State","Bears","MOST","Missouri State Bears","Missouri St","5F0000","e8e8e8","328","Great Southern Bank Arena","Springfield","MO","CUSA","missouri-st","12","8","6","3","12-8","6-3"
"737","2405","Monmouth","Hawks","MONM","Monmouth Hawks","Monmouth","051844","","433","OceanFirst Bank Center","West Long Branch","NJ","CAA","monmouth","10","11","4","4","10-11","4-4"
"739","149","Montana","Grizzlies","MONT","Montana Grizzlies","Montana","751D4A","666666","171","Dahlberg Arena","Missoula","MT","Big Sky","montana","12","9","6","2","12-9","6-2"
"740","147","Montana State","Bobcats","MTST","Montana State Bobcats","Montana St","00205c","bc955c","330","Worthington Arena","Bozeman","MT","Big Sky","montana-st","13","8","7","1","13-8","7-1"
"749","2413","Morehead State","Eagles","MORE","Morehead State Eagles","Morehead St","094FA3","fed91a","216","Ellis T. Johnson Arena","Morehead","KY","OVC","morehead-st","11","10","7","3","11-10","7-3"
"751","2415","Morgan State","Bears","MORG","Morgan State Bears","Morgan St","014786","f47937","54","Hill Field House","Baltimore","MD","MEAC","morgan-st","8","13","4","2","8-13","4-2"
"761","116","Mount St. Mary's","Mountaineers","MSM","Mount St. Mary's Mountaineers","Mount St Marys","005596","ebebeb","198","Knott Arena","Emmitsburg","MD","MAAC","","9","13","5","6","9-13","5-6"
"768","93","Murray State","Racers","MUR","Murray State Racers","Murray St","002148","000e00","112","CFSB Center","Murray","KY","MVC","murray-st","16","5","8","2","16-5","8-2"
"773","152","NC State","Wolfpack","NCSU","NC State Wolfpack","NC State","cc0000","ffffff","201","Lenovo Center","Raleigh","NC","ACC","","14","6","5","2","14-6","5-2"
"798","2885","NJIT","Highlanders","NJIT","NJIT Highlanders","NJIT","EE3024","df3e2e","62","Joel & Diane Bloom Wellness and Events Center","Newark","NJ","Am. East","njit","9","12","4","2","9-12","4-2"
"771","2426","Navy","Midshipmen","NAVY","Navy Midshipmen","Navy","00225b","b5a67c","272","Alumni Hall (Navy)","Annapolis","MD","Patriot","navy","15","6","7","1","15-6","7-1"
"775","158","Nebraska","Cornhuskers","NEB","Nebraska Cornhuskers","Nebraska","d00000","ffffff","147","Pinnacle Bank Arena","Lincoln","NE","Big Ten","nebraska","20","0","9","0","20-0","9-0"
"781","2440","Nevada","Wolf Pack","NEV","Nevada Wolf Pack","Nevada","002d62","ffffff","186","Lawlor Events Center","Reno","NV","Mountain West","nevada","14","6","6","3","14-6","6-3"
"783","160","New Hampshire","Wildcats","UNH","New Hampshire Wildcats","New Hampshire","004990","c3c4c6","219","Lundholm Gymnasium","Durham","NH","Am. East","new-hampshire","7","12","3","3","7-12","3-3"
"784","2441","New Haven","Chargers","NHVN","New Haven Chargers","New Haven","000000","","","","","","NEC","new-haven","9","11","4","3","9-11","4-3"
"786","167","New Mexico","Lobos","UNM","New Mexico Lobos","New Mexico","000000","231f20","169","The Pit","Albuquerque","NM","Mountain West","new-mexico","16","4","7","2","16-4","7-2"
"788","166","New Mexico State","Aggies","NMSU","New Mexico State Aggies","New Mexico St","891216","000000","167","Pan American Center","Las Cruces","NM","CUSA","new-mexico-st","10","9","3","6","10-9","3-6"
"789","2443","New Orleans","Privateers","UNO","New Orleans Privateers","New Orleans","005da6","a2a9ae","304","Lakefront Arena","New Orleans","LA","Southland","new-orleans","7","13","5","6","7-13","5-6"
"795","315","Niagara","Purple Eagles","NIA","Niagara Purple Eagles","Niagara","69207E","f0f0f0","39","Gallagher Center","Niagara Falls","NY","MAAC","niagara","5","15","2","8","5-15","2-8"
"796","2447","Nicholls","Colonels","NICH","Nicholls Colonels","Nicholls","C41230","f0f0f0","209","David R. Stopher Gymnasium","Thibodaux","LA","Southland","","8","12","7","4","8-12","7-4"
"800","2450","Norfolk State","Spartans","NORF","Norfolk State Spartans","Norfolk St","0c8968","fdb813","118","Joseph G. Echols Hall","Norfolk","VA","MEAC","norfolk-st","10","13","3","3","10-13","3-3"
"801","2453","North Alabama","Lions","UNA","North Alabama Lions","North Alabama","663399","","212","Flowers Hall","Florence","AL","ASUN","","0","0","0","0","0-0","0-0"
"803","153","North Carolina","Tar Heels","UNC","North Carolina Tar Heels","North Carolina","7bafd4","13294b","7","Dean E. Smith Center","Chapel Hill","NC","ACC","north-carolina","16","4","4","3","16-4","4-3"
"804","2448","North Carolina A&T","Aggies","NCAT","North Carolina A&T Aggies","NC A&T","0505aa","004684","41","Corbett Sports Center","Greensboro","NC","CAA","nc-at","9","10","2","6","9-10","2-6"
"805","2428","North Carolina Central","Eagles","NCCU","North Carolina Central Eagles","NC Central","880023","c2c3c0","266","McDougald-McLendon Arena","Durham","NC","MEAC","nc-central","7","12","3","1","7-12","3-1"
"808","155","North Dakota","Fighting Hawks","UND","North Dakota Fighting Hawks","North Dakota","00A26B","c2c3c0","334","Betty Engelstad Sioux Center","Grand Forks","ND","Summit","north-dakota","12","12","6","2","12-12","6-2"
"809","2449","North Dakota State","Bison","NDSU","North Dakota State Bison","N Dakota St","01402A","ffffff","217","Scheels Center","Fargo","ND","Summit","north-dakota-st","0","0","0","0","0-0","0-0"
"810","2454","North Florida","Ospreys","UNF","North Florida Ospreys","North Florida","004B8D","babcbe","257","UNF Arena","Jacksonville","FL","ASUN","north-florida","5","16","3","5","5-16","3-5"
"814","249","North Texas","Mean Green","UNT","North Texas Mean Green","North Texas","ffffff","000000","200","The Super Pit","Denton","TX","American","north-texas","12","8","3","4","12-8","3-4"
"815","111","Northeastern","Huskies","NE","Northeastern Huskies","Northeastern","CC0001","c2c3c0","320","Matthews Arena","Boston","MA","CAA","northeastern","6","14","2","7","6-14","2-7"
"817","2464","Northern Arizona","Lumberjacks","NAU","Northern Arizona Lumberjacks","N Arizona","003976","1b3069","221","J. Lawrence Walkup Skydome","Flagstaff","AZ","Big Sky","","0","0","0","0","0-0","0-0"
"818","2458","Northern Colorado","Bears","UNCO","Northern Colorado Bears","N Colorado","13558D","ffc533","222","Bank of Colorado Arena","Greeley","CO","Big Sky","","0","0","0","0","0-0","0-0"
"819","2459","Northern Illinois","Huskies","NIU","Northern Illinois Huskies","N Illinois","F1122C","cc0000","223","NIU Convocation Center","Dekalb","IL","MAC","","0","0","0","0","0-0","0-0"
"820","2460","Northern Iowa","Panthers","UNI","Northern Iowa Panthers","Northern Iowa","473282","ffffff","224","McLeod Center","Cedar Falls","IA","MVC","uni","0","0","0","0","0-0","0-0"
"821","94","Northern Kentucky","Norse","NKU","Northern Kentucky Norse","N Kentucky","ffc82e","000000","225","Truist Arena","Highland Heights","KY","Horizon","","0","0","0","0","0-0","0-0"
"830","77","Northwestern","Wildcats","NU","Northwestern Wildcats","Northwestern","582c83","ffffff","143","Welsh-Ryan Arena","Evanston","IL","Big Ten","northwestern","9","11","1","8","9-11","1-8"
"833","2466","Northwestern State","Demons","NWST","Northwestern State Demons","N'Western St","492F91","ed6118","227","Prather Coliseum","Natchitoches","LA","Southland","northwestern-st","0","0","0","0","0-0","0-0"
"837","87","Notre Dame","Fighting Irish","ND","Notre Dame Fighting Irish","Notre Dame","0c2340","c99700","225","Purcell Pavilion","South Bend","IN","ACC","notre-dame","11","9","2","5","11-9","2-5"
"845","2473","Oakland","Golden Grizzlies","OAK","Oakland Golden Grizzlies","Oakland","04091c","bc955c","45","OU Credit Union O'rena","Rochester","MI","Horizon","oakland","12","10","8","3","12-10","8-3"
"851","195","Ohio","Bobcats","OHIO","Ohio Bobcats","Ohio","295A29","e4bb85","309","Convocation Center (OH)","Athens","OH","MAC","ohio","11","10","5","4","11-10","5-4"
"856","194","Ohio State","Buckeyes","OSU","Ohio State Buckeyes","Ohio State","ce1141","505056","231","Schottenstein Center","Columbus","OH","Big Ten","ohio-st","0","0","0","0","0-0","0-0"
"860","201","Oklahoma","Sooners","OU","Oklahoma Sooners","Oklahoma","a32036","ffffff","164","Lloyd Noble Center","Norman","OK","SEC","oklahoma","11","9","1","6","11-9","1-6"
"864","197","Oklahoma State","Cowboys","OKST","Oklahoma State Cowboys","Oklahoma St","000000","dddddd","175","Gallagher-Iba Arena","Stillwater","OK","Big 12","oklahoma-st","14","6","2","5","14-6","2-5"
"866","295","Old Dominion","Monarchs","ODU","Old Dominion Monarchs","Old Dominion","00507d","a1d2f1","68","Chartway Arena","Norfolk","VA","Sun Belt","old-dominion","6","15","3","6","6-15","3-6"
"869","145","Ole Miss","Rebels","MISS","Ole Miss Rebels","Ole Miss","13294b","c8102e","18","The Sandy and John Black Pavilion at Ole Miss","Oxford","MS","SEC","ole-miss","11","9","3","4","11-9","3-4"
"872","2437","Omaha","Mavericks","OMA","Omaha Mavericks","Omaha","e3193e","","113","Baxter Arena","Omaha","NE","Summit","neb-omaha","10","12","3","4","10-12","3-4"
"873","198","Oral Roberts","Golden Eagles","ORU","Oral Roberts Golden Eagles","Oral Roberts","002462","dac792","282","Mabee Center","Tulsa","OK","Summit","oral-roberts","5","17","0","7","5-17","0-7"
"874","2483","Oregon","Ducks","ORE","Oregon Ducks","Oregon","007030","fee11a","191","Matthew Knight Arena","Eugene","OR","Big Ten","oregon","8","12","1","8","8-12","1-8"
"875","204","Oregon State","Beavers","ORST","Oregon State Beavers","Oregon St","231f20","d73f09","180","Gill Coliseum","Corvallis","OR","WCC","oregon-st","10","12","3","6","10-12","3-6"
"884","279","Pacific","Tigers","PAC","Pacific Tigers","Pacific","F47820","c2c3c0","182","Alex G. Spanos Center","Stockton","CA","WCC","pacific","14","8","5","4","14-8","5-4"
"896","213","Penn State","Nittany Lions","PSU","Penn State Nittany Lions","Penn State","00265D","002e5c","241","Bryce Jordan Center","University Park","PA","Big Ten","penn-st","0","0","0","0","0-0","0-0"
"912","219","Pennsylvania","Quakers","PENN","Pennsylvania Quakers","Penn","082A74","a6163d","242","The Palestra","Philadelphia","PA","Ivy","","9","9","2","3","9-9","2-3"
"915","2492","Pepperdine","Waves","PEPP","Pepperdine Waves","Pepperdine","003A72","dc762f","233","Firestone Fieldhouse","Malibu","CA","WCC","pepperdine","6","16","1","8","6-16","1-8"
"926","221","Pittsburgh","Panthers","PITT","Pittsburgh Panthers","Pitt","003263","231f20","79","Petersen Events Center","Pittsburgh","PA","ACC","pittsburgh","8","12","1","6","8-12","1-6"
"936","2501","Portland","Pilots","PORT","Portland Pilots","Portland","330072","a8b3ba","237","Chiles Center","Portland","OR","WCC","portland","10","12","3","6","10-12","3-6"
"938","2502","Portland State","Vikings","PRST","Portland State Vikings","Portland St","00311e","ebebeb","261","Viking Pavilion","Portland","OR","Big Sky","portland-st","13","5","7","0","13-5","7-0"
"940","2504","Prairie View A&M","Panthers","PV","Prairie View A&M Panthers","Prairie View","4d0960","","248","William Nicks Building","Prairie View","TX","SWAC","","8","12","3","4","8-12","3-4"
"942","2506","Presbyterian","Blue Hose","PRES","Presbyterian Blue Hose","Presbyterian","194896","990134","221","Templeton Center","Clinton","SC","Big South","presbyterian","11","11","4","3","11-11","4-3"
"944","163","Princeton","Tigers","PRIN","Princeton Tigers","Princeton","000000","ff6000","89","Jadwin Gymnasium","Princeton","NJ","Ivy","princeton","7","13","3","2","7-13","3-2"
"946","2507","Providence","Friars","PROV","Providence Friars","Providence","000000","a3a19e","82","Amica Mutual Pavilion","Providence","RI","Big East","providence","9","11","2","7","9-11","2-7"
"952","2509","Purdue","Boilermakers","PUR","Purdue Boilermakers","Purdue","000000","cfb991","11","Mackey Arena","West Lafayette","IN","Big Ten","purdue","17","3","7","2","17-3","7-2"
"953","2870","Purdue Fort Wayne","Mastodons","PFW","Purdue Fort Wayne Mastodons","Purdue FW","00378A","f0f0f0","253","Memorial Coliseum (IN)","Fort Wayne","IN","Horizon","","13","8","7","3","13-8","7-3"
"958","2511","Queens University","Royals","QUC","Queens University Royals","Queens","192C66","857040","254","Curry Arena","Charlotte","NC","ASUN","","0","0","0","0","0-0","0-0"
"960","2514","Quinnipiac","Bobcats","QUIN","Quinnipiac Bobcats","Quinnipiac","041B43","","249","M&T Bank Arena","Hamden","CT","MAAC","quinnipiac","14","8","7","4","14-8","7-4"
"961","2515","Radford","Highlanders","RAD","Radford Highlanders","Radford","BC1515","c2c3c0","274","The Dedmon Center","Radford","VA","Big South","radford","11","11","4","3","11-11","4-3"
"972","227","Rhode Island","Rams","URI","Rhode Island Rams","Rhode Island","091f3f","5ab3e8","135","Thomas M. Ryan Center","Kingston","RI","A-10","rhode-island","12","8","3","4","12-8","3-4"
"975","242","Rice","Owls","RICE","Rice Owls","Rice","d1d5d8","ffffff","197","Tudor Fieldhouse","Houston","TX","American","rice","8","12","2","5","8-12","2-5"
"976","257","Richmond","Spiders","RICH","Richmond Spiders","Richmond","9e0712","b90b2e","224","Robins Center","Richmond","VA","A-10","richmond","13","8","3","5","13-8","3-5"
"977","2520","Rider","Broncs","RID","Rider Broncs","Rider","a80532","ebebeb","408","Alumni Gymnasium (Rider)","Lawrenceville","NJ","MAAC","rider","2","17","1","9","2-17","1-9"
"983","2523","Robert Morris","Colonials","RMU","Robert Morris Colonials","Robert Morris","00214D","a21d2b","317","UPMC Events Center","Moon Township","PA","Horizon","robert-morris","13","9","5","6","13-9","5-6"
"997","164","Rutgers","Scarlet Knights","RUTG","Rutgers Scarlet Knights","Rutgers","d21034","ffffff","213","Jersey Mike’s Arena","Piscataway","NJ","Big Ten","rutgers","9","11","2","7","9-11","2-7"
"1037","2545","SE Louisiana","Lions","SELA","SE Louisiana Lions","SE Louisiana","215732","ffc72c","279","Pride Roofing University Center","Hammond","LA","Southland","","0","0","0","0","0-0","0-0"
"1057","2565","SIU Edwardsville","Cougars","SIUE","SIU Edwardsville Cougars","SIUE","eb1c23","080808","156","First Community Arena","Edwardsville","IL","OVC","siu-edwardsville","13","8","6","4","13-8","6-4"
"1060","2567","SMU","Mustangs","SMU","SMU Mustangs","SMU","354ca1","cc0035","162","Moody Coliseum","Dallas","TX","ACC","smu","15","5","4","3","15-5","4-3"
"1001","16","Sacramento State","Hornets","SAC","Sacramento State Hornets","Sacramento St","00573C","cdb97d","206","The Nest","Sacramento","CA","Big Sky","sacramento-st","6","13","2","5","6-13","2-5"
"1002","2529","Sacred Heart","Pioneers","SHU","Sacred Heart Pioneers","Sacred Heart","a40012","c29472","387","William H. Pitt Center","Fairfield","CT","MAAC","sacred-heart","9","13","5","6","9-13","5-6"
"1007","2603","Saint Joseph's","Hawks","JOES","Saint Joseph's Hawks","Saint Joseph's","C2071B","101010","93","Michael J. Hagan '85 Arena","Philadelphia","PA","A-10","saint-josephs","12","8","4","3","12-8","4-3"
"1010","139","Saint Louis","Billikens","SLU","Saint Louis Billikens","Saint Louis","00539C","ebebeb","321","Chaifetz Arena","St. Louis","MO","A-10","saint-louis","19","1","7","0","19-1","7-0"
"1013","2608","Saint Mary's","Gaels","SMC","Saint Mary's Gaels","Saint Mary's","d80024","003057","269","University Credit Union Pavilion","Moraga","CA","WCC","","0","0","0","0","0-0","0-0"
"1016","2612","Saint Peter's","Peacocks","SPU","Saint Peter's Peacocks","Saint Peter's","004CC2","","380","Yanitelli Center","Jersey City","NJ","MAAC","st-peters","11","7","8","2","11-7","8-2"
"1023","2534","Sam Houston","Bearkats","SHSU","Sam Houston Bearkats","Sam Houston","fe5000","000000","271","Bernard G. Johnson Coliseum","Huntsville","TX","CUSA","","13","7","5","4","13-7","5-4"
"1024","2535","Samford","Bulldogs","SAM","Samford Bulldogs","Samford","005485","bc0023","97","Pete Hanna Center","Homewood","AL","SoCon","samford","10","11","3","5","10-11","3-5"
"1025","301","San Diego","Toreros","USD","San Diego Toreros","San Diego","2f99d4","2f99d4","239","Jenny Craig Pavilion","San Diego","CA","WCC","san-diego","9","13","3","6","9-13","3-6"
"1027","21","San Diego State","Aztecs","SDSU","San Diego State Aztecs","San Diego St","c41230","000000","238","Viejas Arena","San Diego","CA","Mountain West","san-diego-st","14","5","8","1","14-5","8-1"
"1028","2539","San Francisco","Dons","SF","San Francisco Dons","San Francisco","22523F","fbcd3c","205","The Sobrato Center","San Francisco","CA","WCC","san-francisco","13","9","5","4","13-9","5-4"
"1030","23","San José State","Spartans","SJSU","San José State Spartans","San José St","005893","fdba31","276","Provident Credit Union Event Center","San Jose","CA","Mountain West","","0","0","0","0","0-0","0-0"
"1031","2541","Santa Clara","Broncos","SCU","Santa Clara Broncos","Santa Clara","690b0b","101010","352","Leavey Center","Santa Clara","CA","WCC","santa-clara","17","5","8","1","17-5","8-1"
"1039","2547","Seattle U","Redhawks","SEA","Seattle U Redhawks","Seattle U","BF2E1A","c2c3c0","280","Redhawk Center","Seattle","WA","WCC","","14","8","3","6","14-8","3-6"
"1041","2550","Seton Hall","Pirates","HALL","Seton Hall Pirates","Seton Hall","0857B1","8a8d8f","107","Prudential Center","Newark","NJ","Big East","seton-hall","14","6","4","5","14-6","4-5"
"1050","2561","Siena","Saints","SIE","Siena Saints","Siena","037961","eea60f","71","MVP Arena","Albany","NY","MAAC","siena","14","7","7","3","14-7","7-3"
"1062","6","South Alabama","Jaguars","USA","South Alabama Jaguars","South Alabama","003E7E","","285","Mitchell Center","Mobile","AL","Sun Belt","","14","6","5","3","14-6","5-3"
"1063","2579","South Carolina","Gamecocks","SC","South Carolina Gamecocks","South Carolina","73000a","ffffff","84","Colonial Life Arena","Columbia","SC","SEC","south-carolina","11","9","2","5","11-9","2-5"
"1064","2569","South Carolina State","Bulldogs","SCST","South Carolina State Bulldogs","SC State","7d1315","104897","287","Smith-Hammond-Middleton Memorial Center","Orangeburg","SC","MEAC","south-carolina-st","0","0","0","0","0-0","0-0"
"1065","2908","South Carolina Upstate","Spartans","UPST","South Carolina Upstate Spartans","SC Upstate","008545","000000","288","G.B. Hodge Center","Spartanburg","SC","Big South","usc-upstate","0","0","0","0","0-0","0-0"
"1067","233","South Dakota","Coyotes","SDAK","South Dakota Coyotes","South Dakota","CD1241","f0f0f0","170","Sanford Coyote Sports Center","Vermillion","SD","Summit","south-dakota","11","11","3","4","11-11","3-4"
"1070","2571","South Dakota State","Jackrabbits","SDST","South Dakota State Jackrabbits","S Dakota St","0033a0","ffd100","290","First Bank & Trust Arena","Brookings","SD","Summit","south-dakota-st","0","0","0","0","0-0","0-0"
"1071","58","South Florida","Bulls","USF","South Florida Bulls","South Florida","004A36","231f20","291","Yuengling Center","Tampa","FL","American","","0","0","0","0","0-0","0-0"
"1073","2546","Southeast Missouri State","Redhawks","SEMO","Southeast Missouri State Redhawks","SE Missouri","c8102e","000000","292","Show Me Center","Cape Girardeau","MO","OVC","","0","0","0","0","0-0","0-0"
"1078","2582","Southern","Jaguars","SOU","Southern Jaguars","Southern","004B97","ffc82d","293","F.G. Clark Activity Center","Baton Rouge","LA","SWAC","","0","0","0","0","0-0","0-0"
"1081","79","Southern Illinois","Salukis","SIU","Southern Illinois Salukis","S Illinois","85283D","c2c3c0","294","Banterra Center","Carbondale","IL","MVC","","0","0","0","0","0-0","0-0"
"1082","88","Southern Indiana","Screaming Eagles","USI","Southern Indiana Screaming Eagles","So Indiana","CF102D","002D5D","295","Screaming Eagles Arena","Evansville","IN","OVC","","0","0","0","0","0-0","0-0"
"1083","2572","Southern Miss","Golden Eagles","USM","Southern Miss Golden Eagles","Southern Miss","FFAA3C","ffc423","130","Reed Green Coliseum","Hattiesburg","MS","Sun Belt","southern-miss","11","11","5","5","11-11","5-5"
"1087","253","Southern Utah","Thunderbirds","SUU","Southern Utah Thunderbirds","Southern Utah","c72026","000000","158","America First Events Center","Cedar City","UT","WAC","southern-utah","7","14","3","5","7-14","3-5"
"1110","179","St. Bonaventure","Bonnies","SBU","St. Bonaventure Bonnies","St Bonaventure","70261D","","73","Reilly Center","Saint Bonaventure","NY","A-10","st-bonaventure","12","8","1","6","12-8","1-6"
"1116","2598","St. Francis (PA)","Red Flash","SFPA","St. Francis (PA) Red Flash","St Francis PA","a20012","","299","DeGol Arena","Loretto","PA","NEC","st-francis-pa","0","0","0","0","0-0","0-0"
"1119","2599","St. John's","Red Storm","SJU","St. John's Red Storm","St John's","d10000","101010","301","Carnesecca Arena","Queens","NY","Big East","","0","0","0","0","0-0","0-0"
"1136","24","Stanford","Cardinal","STAN","Stanford Cardinal","Stanford","8c1515","ffffff","25","Maples Pavilion","Stanford","CA","ACC","stanford","14","6","3","4","14-6","3-4"
"1140","2617","Stephen F. Austin","Lumberjacks","SFA","Stephen F. Austin Lumberjacks","SF Austin","393996","bec0c2","304","William R. Johnson Coliseum","Nacogdoches","TX","Southland","stephen-f-austin","0","0","0","0","0-0","0-0"
"1142","56","Stetson","Hatters","STET","Stetson Hatters","Stetson","0a5640","56854e","83","Edmunds Center","DeLand","FL","ASUN","stetson","7","14","3","5","7-14","3-5"
"1146","284","Stonehill","Skyhawks","STO","Stonehill Skyhawks","Stonehill","000000","","28","Merkert Gymnasium","South Easton","MA","NEC","stonehill","7","14","4","4","7-14","4-4"
"1147","2619","Stony Brook","Seawolves","STBK","Stony Brook Seawolves","Stony Brook","990000","","370","Island FCU Arena","Stony Brook","NY","CAA","stony-brook","12","9","4","4","12-9","4-4"
"1162","183","Syracuse","Orange","SYR","Syracuse Orange","Syracuse","ff6500","000e54","88","JMA Wireless Dome","Syracuse","NY","ACC","syracuse","12","8","3","4","12-8","3-4"
"1169","2628","TCU","Horned Frogs","TCU","TCU Horned Frogs","TCU","4d1979","f1f2f3","150","Schollmaier Arena","Fort Worth","TX","Big 12","tcu","13","7","3","4","13-7","3-4"
"1166","2627","Tarleton State","Texans","TAR","Tarleton State Texans","Tarleton St","000000","","310","Wisdom Gym","Stephenville","TX","WAC","tarleton-st","11","9","2","5","11-9","2-5"
"1170","218","Temple","Owls","TEM","Temple Owls","Temple","A80532","a7a9ac","31","Liacouras Center","Philadelphia","PA","American","temple","13","7","5","2","13-7","5-2"
"1171","2633","Tennessee","Volunteers","TENN","Tennessee Volunteers","Tennessee","ff8200","58595b","9","Food City Center","Knoxville","TN","SEC","tennessee","13","6","3","3","13-6","3-3"
"1173","2634","Tennessee State","Tigers","TNST","Tennessee State Tigers","Tennessee St","171796","f0f0f0","155","Gentry Center","Nashville","TN","OVC","tennessee-st","13","7","7","3","13-7","7-3"
"1174","2635","Tennessee Tech","Golden Eagles","TNTC","Tennessee Tech Golden Eagles","Tennessee Tech","5A4099","ffde00","258","Hooper Eblen Center","Cookeville","TN","OVC","tennessee-tech","7","14","2","8","7-14","2-8"
"1177","251","Texas","Longhorns","TEX","Texas Longhorns","Texas","c15d26","ffffff","263","Moody Center","Austin","TX","SEC","texas","12","8","3","4","12-8","3-4"
"1178","245","Texas A&M","Aggies","TA&M","Texas A&M Aggies","Texas A&M","500000","ffffff","262","Reed Arena","College Station","TX","SEC","texas-am","16","4","6","1","16-4","6-1"
"1179","357","Texas A&M-Corpus Christi","Islanders","AMCC","Texas A&M-Corpus Christi Islanders","Texas A&M-CC","0067c5","007f3e","317","American Bank Center","Corpus Christi","TX","Southland","am-corpus-chris","0","0","0","0","0-0","0-0"
"1188","2640","Texas Southern","Tigers","TXSO","Texas Southern Tigers","Texas Southern","860038","ffffff","218","H&PE Arena","Houston","TX","SWAC","texas-southern","5","13","3","4","5-13","3-4"
"1189","326","Texas State","Bobcats","TXST","Texas State Bobcats","Texas St","4e1719","b4975a","128","Strahan Arena at the University Events Center","San Marcos","TX","Sun Belt","texas-st","11","11","4","6","11-11","4-6"
"1190","2641","Texas Tech","Red Raiders","TTU","Texas Tech Red Raiders","Texas Tech","000000","da291c","201","United Supermarkets Arena","Lubbock","TX","Big 12","texas-tech","16","4","6","1","16-4","6-1"
"1192","2643","The Citadel","Bulldogs","CIT","The Citadel Bulldogs","The Citadel","002b5c","f0f0f0","247","McAlister Field House","Charleston","SC","SoCon","citadel","6","15","3","5","6-15","3-5"
"1195","7639","Thomas (GA)","Night Hawks","THOMAS","Thomas (GA) Night Hawks","Thomas","","","","","","","","","0","0","0","0","0-0","0-0"
"1200","2649","Toledo","Rockets","TOL","Toledo Rockets","Toledo","0a2240","ffcd00","345","Savage Arena","Toledo","OH","MAC","toledo","11","9","5","3","11-9","5-3"
"1202","119","Towson","Tigers","TOW","Towson Tigers","Towson","FFC229","","270","TU Arena","Towson","MD","CAA","towson","12","10","4","5","12-10","4-5"
"1211","2653","Troy","Trojans","TROY","Troy Trojans","Troy","AE0210","88898c","65","Trojan Arena","Troy","AL","Sun Belt","troy","15","6","8","1","15-6","8-1"
"1215","2655","Tulane","Green Wave","TULN","Tulane Green Wave","Tulane","006547","468ac9","102","Devlin Fieldhouse","New Orleans","LA","American","tulane","12","8","3","4","12-8","3-4"
"1216","202","Tulsa","Golden Hurricane","TLSA","Tulsa Golden Hurricane","Tulsa","003595","d0b787","115","Reynolds Center","Tulsa","OK","American","tulsa","17","3","5","2","17-3","5-2"
"1219","5","UAB","Blazers","UAB","UAB Blazers","UAB","054338","ffc845","103","Bartow Arena","Birmingham","AL","American","uab","12","8","3","4","12-8","3-4"
"1221","302","UC Davis","Aggies","UCD","UC Davis Aggies","UC Davis","002855","c3c4c6","342","University Credit Union Center","Davis","CA","Big West","uc-davis","12","8","5","4","12-8","5-4"
"1222","300","UC Irvine","Anteaters","UCI","UC Irvine Anteaters","UC Irvine","002B5C","fec52e","192","Bren Events Center","Irvine","CA","Big West","uc-irvine","14","7","7","2","14-7","7-2"
"1224","27","UC Riverside","Highlanders","UCR","UC Riverside Highlanders","UC Riverside","14234F","","358","SRC Arena","Riverside","CA","Big West","uc-riverside","7","14","2","7","7-14","2-7"
"1225","28","UC San Diego","Tritons","UCSD","UC San Diego Tritons","UC San Diego","182B49","FFCD00","315","LionTree Arena","San Diego","CA","Big West","uc-san-diego","15","6","5","4","15-6","5-4"
"1226","2540","UC Santa Barbara","Gauchos","UCSB","UC Santa Barbara Gauchos","Santa Barbara","1e1840","febc11","184","The Thunderdome","Santa Barbara","CA","Big West","uc-santa-barbara","13","7","6","3","13-7","6-3"
"1228","2116","UCF","Knights","UCF","UCF Knights","UCF","000000","b4a269","10","Addition Financial Arena","Orlando","FL","Big 12","ucf","15","4","4","3","15-4","4-3"
"1229","26","UCLA","Bruins","UCLA","UCLA Bruins","UCLA","2774ae","f2a900","16","Pauley Pavilion","Los Angeles","CA","Big Ten","ucla","14","6","6","3","14-6","6-3"
"1230","41","UConn","Huskies","CONN","UConn Huskies","UConn","0c2340","f1f2f3","208","Gampel Pavilion","Storrs","CT","Big East","uconn","19","1","9","0","19-1","9-0"
"1231","82","UIC","Flames","UIC","UIC Flames","UIC","001e62","d50032","339","Credit Union 1 Arena","Chicago","IL","MVC","","11","10","6","4","11-10","6-4"
"1232","2433","UL Monroe","Warhawks","ULM","UL Monroe Warhawks","UL Monroe","231F20","b18445","340","Fant-Ewing Coliseum","Monroe","LA","Sun Belt","","0","0","0","0","0-0","0-0"
"1234","2378","UMBC","Retrievers","UMBC","UMBC Retrievers","UMBC","000000","ad860a","24","Chesapeake Employers Insurance Arena","Baltimore","MD","Am. East","umbc","12","7","5","1","12-7","5-1"
"1233","2349","UMass Lowell","River Hawks","UML","UMass Lowell River Hawks","UMass Lowell","00529C","cf1f2f","34","Costello Athletic Center","Lowell","MA","Am. East","umass-lowell","8","13","3","3","8-13","3-3"
"1235","2427","UNC Asheville","Bulldogs","UNCA","UNC Asheville Bulldogs","UNC Asheville","003da5","ffffff","413","Kimmel Arena","Asheville","NC","Big South","unc-asheville","9","12","3","4","9-12","3-4"
"1236","2430","UNC Greensboro","Spartans","UNCG","UNC Greensboro Spartans","UNC Greensboro","003559","ffd90a","57","First Horizon Coliseum","Greensboro","NC","SoCon","unc-greensboro","8","13","4","4","8-13","4-4"
"1238","350","UNC Wilmington","Seahawks","UNCW","UNC Wilmington Seahawks","UNC Wilmington","00665e","ffda00","345","Trask Coliseum","Wilmington","NC","CAA","unc-wilmington","0","0","0","0","0-0","0-0"
"1254","2439","UNLV","Rebels","UNLV","UNLV Rebels","UNLV","b10202","ffffff","194","Thomas & Mack Center","Las Vegas","NV","Mountain West","unlv","10","9","5","3","10-9","5-3"
"1259","30","USC","Trojans","USC","USC Trojans","USC","9e2237","ffcc00","349","Galen Center","Los Angeles","CA","Big Ten","","0","0","0","0","0-0","0-0"
"1260","250","UT Arlington","Mavericks","UTA","UT Arlington Mavericks","UT Arlington","004b7c","f58024","350","College Park Center","Arlington","TX","WAC","","13","6","5","2","13-6","5-2"
"1262","2630","UT Martin","Skyhawks","UTM","UT Martin Skyhawks","UT Martin","FF6700","102a5c","241","Kathleen and Tom Elam Center","Martin","TN","OVC","ut-martin","15","5","7","2","15-5","7-2"
"1264","292","UT Rio Grande Valley","Vaqueros","RGV","UT Rio Grande Valley Vaqueros","UT Rio Grande","dc6000","e1732d","352","UTRGV Fieldhouse","Edinburg","TX","Southland","","0","0","0","0","0-0","0-0"
"1270","2638","UTEP","Miners","UTEP","UTEP Miners","UTEP","ff8200","041e42","166","Don Haskins Center","El Paso","TX","CUSA","utep","7","13","3","6","7-13","3-6"
"1272","2636","UTSA","Roadrunners","UTSA","UTSA Roadrunners","UTSA","002A5C","f47321","137","UTSA Convocation Center","San Antonio","TX","American","utsa","4","16","0","8","4-16","0-8"
"1266","254","Utah","Utes","UTAH","Utah Utes","Utah","ea002a","ffffff","173","Jon M. Huntsman Center","Salt Lake City","UT","Big 12","utah","9","11","1","6","9-11","1-6"
"1267","328","Utah State","Aggies","USU","Utah State Aggies","Utah State","00263a","949ca1","354","Dee Glen Smith Spectrum","Logan","UT","Mountain West","utah-st","0","0","0","0","0-0","0-0"
"1268","3101","Utah Tech","Trailblazers","UTU","Utah Tech Trailblazers","Utah Tech","000000","","314","Burns Arena","St. George","UT","WAC","utah-tech","11","11","4","4","11-11","4-4"
"1269","3084","Utah Valley","Wolverines","UVU","Utah Valley Wolverines","Utah Valley","004812","e1c736","116","UCCU Center","Orem","UT","WAC","utah-valley","15","6","5","3","15-6","5-3"
"1282","2670","VCU","Rams","VCU","VCU Rams","VCU","ffaf00","000000","92","Siegel Center","Richmond","VA","A-10","vcu","14","6","5","2","14-6","5-2"
"1297","2678","VMI","Keydets","VMI","VMI Keydets","VMI","ae122a","ffd619","32","Cameron Hall","Lexington","VA","SoCon","vmi","6","15","1","7","6-15","1-7"
"1278","2674","Valparaiso","Beacons","VAL","Valparaiso Beacons","Valparaiso","794500","","283","Athletics-Recreation Center","Valparaiso","IN","MVC","valparaiso","10","10","4","5","10-10","4-5"
"1279","238","Vanderbilt","Commodores","VAN","Vanderbilt Commodores","Vanderbilt","000000","231f20","119","Memorial Gymnasium (TN)","Nashville","TN","SEC","vanderbilt","17","3","4","3","17-3","4-3"
"1283","261","Vermont","Catamounts","UVM","Vermont Catamounts","Vermont","154734","ffc72c","376","Patrick Gymnasium","Burlington","VT","Am. East","vermont","13","8","5","1","13-8","5-1"
"1288","222","Villanova","Wildcats","VILL","Villanova Wildcats","Villanova","00205b","13b5ea","140","Finneran Pavilion","Villanova","PA","Big East","villanova","15","5","6","3","15-5","6-3"
"1289","258","Virginia","Cavaliers","UVA","Virginia Cavaliers","Virginia","232d4b","f84c1e","227","John Paul Jones Arena","Charlottesville","VA","ACC","virginia","16","3","5","2","16-3","5-2"
"1292","259","Virginia Tech","Hokies","VT","Virginia Tech Hokies","Virginia Tech","630031","cf4520","151","Cassell Coliseum","Blacksburg","VA","ACC","virginia-tech","15","6","4","4","15-6","4-4"
"1300","2681","Wagner","Seahawks","WAG","Wagner Seahawks","Wagner","00483A","ffffff","294","Spiro Sports Center","Staten Island","NY","NEC","wagner","6","12","1","6","6-12","1-6"
"1301","154","Wake Forest","Demon Deacons","WAKE","Wake Forest Demon Deacons","Wake Forest","000000","ceb888","153","LJVM Coliseum","Winston-Salem","NC","ACC","wake-forest","11","9","2","5","11-9","2-5"
"1310","264","Washington","Huskies","WASH","Washington Huskies","Washington","33006f","e8d3a2","207","Alaska Airlines Arena","Seattle","WA","Big Ten","washington","11","9","3","6","11-9","3-6"
"1316","265","Washington State","Cougars","WSU","Washington State Cougars","Washington St","981e32","ffffff","193","Beasley Coliseum","Pullman","WA","WCC","washington-st","9","13","4","5","9-13","4-5"
"1323","2692","Weber State","Wildcats","WEB","Weber State Wildcats","Weber St","18005a","ebebeb","174","Dee Events Center","Ogden","UT","Big Sky","weber-st","10","11","4","4","10-11","4-4"
"1333","2698","West Georgia","Wolves","WGA","West Georgia Wolves","West Georgia","0033a1","db1a21","373","The Coliseum","Carrollton","GA","ASUN","","0","0","0","0","0-0","0-0"
"1335","277","West Virginia","Mountaineers","WVU","West Virginia Mountaineers","West Virginia","002855","eaaa00","87","WVU Coliseum","Morgantown","WV","Big 12","west-virginia","13","7","4","3","13-7","4-3"
"1338","2717","Western Carolina","Catamounts","WCU","Western Carolina Catamounts","W Carolina","492F91","bf9e70","375","Ramsey Center","Cullowhee","NC","SoCon","","0","0","0","0","0-0","0-0"
"1340","2710","Western Illinois","Leathernecks","WIU","Western Illinois Leathernecks","W Illinois","4e1e8a","ffc90a","376","Western Hall","Macomb","IL","OVC","","0","0","0","0","0-0","0-0"
"1341","98","Western Kentucky","Hilltoppers","WKU","Western Kentucky Hilltoppers","Western KY","F32026","b3b5b8","377","E.A. Diddle Arena","Bowling Green","KY","CUSA","","11","9","4","5","11-9","4-5"
"1342","2711","Western Michigan","Broncos","WMU","Western Michigan Broncos","W Michigan","532e1f","8b7f79","378","University Arena (MI)","Kalamazoo","MI","MAC","","0","0","0","0","0-0","0-0"
"1359","2724","Wichita State","Shockers","WICH","Wichita State Shockers","Wichita St","0d0a03","ffc41e","308","Charles Koch Arena","Wichita","KS","American","wichita-st","13","8","5","3","13-8","5-3"
"1365","2729","William & Mary","Tribe","W&M","William & Mary Tribe","William & Mary","103217","f6b220","50","Kaplan Arena","Williamsburg","VA","CAA","william-mary","14","6","5","3","14-6","5-3"
"1379","2737","Winthrop","Eagles","WIN","Winthrop Eagles","Winthrop","9e0b0e","fdb41e","37","Winthrop Coliseum","Rock Hill","SC","Big South","winthrop","15","8","7","1","15-8","7-1"
"1380","275","Wisconsin","Badgers","WIS","Wisconsin Badgers","Wisconsin","c4012f","ffffff","142","Kohl Center","Madison","WI","Big Ten","wisconsin","14","6","6","3","14-6","6-3"
"1386","2747","Wofford","Terriers","WOF","Wofford Terriers","Wofford","533B22","f0f0f0","26","Jerry Richardson Indoor Stadium","Spartanburg","SC","SoCon","wofford","14","7","6","2","14-7","6-2"
"1389","2750","Wright State","Raiders","WRST","Wright State Raiders","Wright St","cba052","cba052","215","Nutter Center","Dayton","OH","Horizon","wright-st","13","8","8","2","13-8","8-2"
"1391","2751","Wyoming","Cowboys","WYO","Wyoming Cowboys","Wyoming","492f24","ffc425","177","Arena-Auditorium","Laramie","WY","Mountain West","wyoming","12","8","3","6","12-8","3-6"
"1392","2752","Xavier","Musketeers","XAV","Xavier Musketeers","Xavier","21304e","a5a7a8","106","Cintas Center","Cincinnati","OH","Big East","xavier","11","9","3","6","11-9","3-6"
"1394","43","Yale","Bulldogs","YALE","Yale Bulldogs","Yale","004a81","286dc0","126","John J. Lee Amphitheater","New Haven","CT","Ivy","yale","15","3","4","1","15-3","4-1"
"1400","2754","Youngstown State","Penguins","YSU","Youngstown State Penguins","Youngstown St","E51935","690717","196","Beeghly Center","Youngstown","OH","Horizon","youngstown-st","10","12","3","8","10-12","3-8"
